nom,telefon,manzil,tur,lat,lng
Мистер,+998933883533,"Toshkent, Sebzor ko'chasi 2",erkaklar,41.331063,69.251049
Sofia,+998 71 256-28-94,"Ташкент, Shahrisabz ko'chasi 27/6",erkaklar,41.296515,69.270194
BigBro,78 122 33 43,"Tashkent, Said Baraka ko'chasi 3A",erkaklar,41.300707,69.288163
Rio,+998 71 256 34 55,"Toshkent, Oybek ko'chasi 59",erkaklar,41.29189,69.281545
Umid Sartarosh,+998946073635,"Toshkent, Юнусабад, Фарогат 5-й проезд 24",erkaklar,41.380296,69.285648
"Барбершоп ""Brutal""",+998331000101,"Toshkent, Юнусабадский район",erkaklar,41.325586,69.274563
Beauty Salon (мужские стрижки),+998909050786,"Toshkent, Mirzo Ulug‘bek Tumani, Muhammad Yusuf ko'chasi 56",erkaklar,41.32233,69.326822
Центр красоты PROFI,,"Toshkent, Себзар улица",ayollar,41.328962,69.249165
Хусан Уста,,"Toshkent, Inoqobod ko'chasi",erkaklar,41.286415,69.289101
ТАМО стайл,,"Toshkent, Bunyodkor shoh ko'chasi",erkaklar,41.304251,69.234648
Амо-салон красоты,+998712995376,"Toshkent, Мирабадский район, Sariko'l ko'chasi 12",ayollar,41.277725,69.286755
"Парикмахерская ""Sherzod & Shuxrat """,+998 909917172,"Toshkent viloyati, Нугманова улица",erkaklar,41.238689,69.135398
Версаль,,"Toshkent, Мирабадский район",erkaklar,41.249974,69.302296
Паридис,,"Toshkent, Мирабадский район, Туркестанская улица 8",ayollar,41.293435,69.287192
"Салон красоты ""Имидж""",,"Toshkent, Карасу, Хамроев улица",ayollar,41.334342,69.370527
Farangiz,,"Toshkent, Юнусабад, Уч Кахрамон улица",erkaklar,41.377213,69.282904
Барбер шоп Топор,,"Toshkent, Мирабадский район, Mirobod ko'chasi",erkaklar,41.297594,69.268443
Soliha,,"Toshkent, Olmazor Tumani, Шифокорлар 2-я улица 1a",erkaklar,41.3625,69.184309
The gentlemen's,,"Toshkent, Юнусабадский район",erkaklar,41.328109,69.275529
Erali Barber,,"Toshkent, Яшнабадский район, Соглом Авлод улица",erkaklar,41.332493,69.408217
Белиссимо,,"Toshkent, Юнусабад, Майкурган улица",erkaklar,41.368425,69.269218
Рубин,,"Toshkent, Мирабадский район, Саида Барака улица 14",erkaklar,41.2957,69.280157
Брадобрей,,"Toshkent, Юнусабадский район, Amir Temur shoh ko'chasi",erkaklar,41.324593,69.282232
Dolores,,"Toshkent, Мирабадский район, Yangi Qo'yliq ko'chasi",erkaklar,41.247434,69.301811
Камила,,"Toshkent, Мирабадский район, Буюк Туран улица 75",erkaklar,41.305112,69.268159
